customer_id,date,price
61,6-18-2017,13.0
210,5-8-2017,21.0
0,9-7-2017,33.0
66,7-7-2017,19.0
65,4-26-2017,13.0
43,6-7-2017,18.0
8,6-25-2017,19.0
104,4-8-2017,8.0
136,9-6-2017,32.0
116,4-10-2017,15.0
178,4-7-2017,7.0
164,5-5-2017,17.0
175,8-13-2017,24.0
151,9-29-2017,27.0
89,9-14-2017,20.0
170,6-14-2017,13.0
115,5-16-2017,10.0
4,5-27-2017,10.0
177,6-22-2017,18.0
0,5-29-2017,8.0
169,6-18-2017,18.0
6,7-12-2017,16.0
57,9-17-2017,24.0
56,4-29-2017,10.0
218,9-12-2017,32.0
182,6-10-2017,11.0
238,8-22-2017,23.0
28,9-16-2017,30.0
188,9-15-2017,32.0
138,6-11-2017,16.0
19,6-6-2017,15.0
27,5-4-2017,18.0
56,5-4-2017,25.0
32,8-3-2017,20.0
153,4-10-2017,6.0
137,4-29-2017,11.0
190,6-26-2017,17.0
158,8-2-2017,19.0
42,6-24-2017,18.0
145,7-21-2017,20.0
3,4-11-2017,10.0
104,9-2-2017,34.0
72,6-8-2017,17.0
194,9-22-2017,31.0
104,9-22-2017,25.0
7,5-6-2017,15.0
71,9-16-2017,28.0
106,4-14-2017,14.0
145,8-5-2017,21.0
155,5-19-2017,9.0
16,6-22-2017,20.0
226,7-7-2017,17.0
130,5-12-2017,16.0
141,9-29-2017,34.0
17,9-3-2017,19.0
190,4-17-2017,11.0
100,9-27-2017,30.0
132,4-7-2017,10.0
70,6-2-2017,17.0
205,4-12-2017,9.0
0,5-12-2017,16.0
215,4-29-2017,13.0
74,7-21-2017,18.0
127,9-18-2017,27.0
33,5-1-2017,13.0
249,7-28-2017,9.0
137,7-28-2017,20.0
166,7-29-2017,18.0
203,9-18-2017,34.0
53,8-21-2017,25.0
222,5-16-2017,15.0
172,5-15-2017,16.0
187,4-18-2017,12.0
120,4-6-2017,12.0
199,9-1-2017,32.0
106,9-27-2017,32.0
93,9-23-2017,36.0
172,8-29-2017,22.0
43,7-6-2017,14.0
3,8-12-2017,22.0
54,5-20-2017,22.0
86,6-17-2017,14.0
28,4-7-2017,5.0
165,5-16-2017,17.0
96,6-3-2017,11.0
151,5-25-2017,8.0
28,5-11-2017,16.0
118,7-7-2017,19.0
80,5-16-2017,12.0
70,7-22-2017,15.0
75,7-7-2017,18.0
73,4-12-2017,8.0
155,8-19-2017,18.0
238,5-1-2017,15.0
108,8-26-2017,25.0
229,9-6-2017,38.0
167,5-11-2017,13.0
234,5-27-2017,17.0
41,6-9-2017,21.0
163,5-20-2017,15.0
34,5-15-2017,14.0
223,4-22-2017,5.0
245,4-10-2017,8.0
51,5-8-2017,16.0
197,7-20-2017,15.0
147,5-17-2017,13.0
122,9-10-2017,34.0
5,7-21-2017,16.0
173,5-21-2017,18.0
219,7-4-2017,13.0
81,5-10-2017,11.0
242,4-6-2017,8.0
100,7-3-2017,20.0
143,4-17-2017,11.0
81,8-26-2017,22.0
166,6-18-2017,17.0
22,6-25-2017,14.0
181,4-17-2017,12.0
135,4-8-2017,10.0
118,8-26-2017,25.0
209,9-20-2017,31.0
190,6-19-2017,16.0
135,6-23-2017,20.0
239,5-23-2017,12.0
243,6-20-2017,19.0
27,4-29-2017,9.0
25,8-10-2017,19.0
173,7-22-2017,22.0
200,7-18-2017,20.0
175,8-13-2017,17.0
141,9-19-2017,31.0
0,5-17-2017,14.0
14,9-18-2017,27.0
129,6-22-2017,15.0
191,5-22-2017,12.0
46,6-18-2017,15.0
152,6-11-2017,13.0
248,6-19-2017,15.0
210,8-14-2017,26.0
96,7-20-2017,18.0
22,7-16-2017,18.0
44,8-5-2017,14.0
134,4-20-2017,6.0
63,4-11-2017,13.0
171,9-28-2017,20.0
224,4-2-2017,9.0
188,5-16-2017,14.0
200,7-27-2017,18.0
5,6-28-2017,15.0
4,8-11-2017,22.0
125,8-23-2017,16.0
15,6-27-2017,17.0
204,9-19-2017,25.0
101,5-14-2017,13.0
94,8-26-2017,27.0
239,8-18-2017,23.0
121,6-3-2017,16.0
35,9-15-2017,30.0
122,4-3-2017,6.0
204,8-4-2017,18.0
119,7-20-2017,17.0
199,4-22-2017,3.0
34,5-22-2017,15.0
237,4-7-2017,8.0
159,9-8-2017,28.0
203,4-10-2017,7.0
80,9-18-2017,33.0
125,8-1-2017,18.0
67,8-8-2017,13.0
122,8-15-2017,21.0
177,8-15-2017,20.0
233,6-11-2017,15.0
99,9-23-2017,33.0
211,5-29-2017,12.0
13,6-6-2017,11.0
145,6-2-2017,15.0
139,9-17-2017,33.0
78,7-20-2017,18.0
133,6-27-2017,18.0
223,4-19-2017,11.0
211,6-2-2017,16.0
36,9-20-2017,25.0
97,5-12-2017,17.0
164,9-23-2017,28.0
186,8-14-2017,15.0
34,7-26-2017,23.0
173,6-22-2017,12.0
162,5-29-2017,14.0
40,4-12-2017,15.0
248,6-12-2017,9.0
87,4-15-2017,8.0
239,5-18-2017,16.0
214,5-28-2017,20.0
182,9-2-2017,29.0
245,9-2-2017,32.0
240,6-16-2017,18.0
126,4-16-2017,10.0
20,6-27-2017,12.0
166,7-21-2017,16.0
68,4-9-2017,12.0
176,7-29-2017,20.0
45,6-10-2017,14.0
226,8-25-2017,15.0
140,7-27-2017,17.0
170,9-27-2017,33.0
149,8-7-2017,26.0
108,6-27-2017,17.0
104,9-22-2017,22.0
248,8-21-2017,31.0
95,7-10-2017,17.0
18,6-10-2017,12.0
194,5-10-2017,13.0
199,8-13-2017,20.0
139,8-26-2017,25.0
99,4-23-2017,9.0
42,7-7-2017,14.0
139,5-24-2017,14.0
73,7-11-2017,15.0
246,4-14-2017,8.0
136,5-19-2017,10.0
150,8-2-2017,28.0
172,7-22-2017,21.0
91,4-2-2017,11.0
18,7-12-2017,17.0
67,6-25-2017,16.0
11,4-25-2017,11.0
248,7-5-2017,20.0
117,4-23-2017,8.0
182,7-24-2017,21.0
6,4-7-2017,13.0
233,8-21-2017,19.0
108,8-4-2017,25.0
154,6-22-2017,10.0
91,5-13-2017,18.0
30,6-1-2017,15.0
22,6-28-2017,12.0
83,9-19-2017,31.0
106,5-20-2017,9.0
55,9-3-2017,28.0
109,5-10-2017,15.0
179,6-29-2017,19.0
80,9-26-2017,30.0
35,4-24-2017,7.0
120,7-9-2017,18.0
187,4-20-2017,11.0
8,8-17-2017,25.0
74,7-13-2017,21.0
113,6-16-2017,17.0
16,5-5-2017,15.0
181,5-29-2017,12.0
150,4-14-2017,11.0
221,5-12-2017,9.0
192,8-24-2017,18.0
9,9-16-2017,29.0
94,6-1-2017,10.0
138,4-16-2017,8.0
67,6-1-2017,10.0
121,5-19-2017,11.0
160,4-26-2017,6.0
219,5-26-2017,15.0
66,4-5-2017,7.0
246,4-28-2017,8.0
109,8-28-2017,15.0
108,6-20-2017,12.0
221,6-20-2017,13.0
231,4-29-2017,7.0
48,4-2-2017,9.0
179,6-3-2017,11.0
226,4-13-2017,10.0
113,9-13-2017,30.0
243,9-15-2017,29.0
186,9-24-2017,29.0
45,5-5-2017,13.0
247,9-18-2017,35.0
102,5-3-2017,16.0
47,5-5-2017,14.0
206,7-26-2017,14.0
209,4-15-2017,7.0
203,9-9-2017,31.0
237,7-29-2017,20.0
9,6-21-2017,18.0
5,6-17-2017,15.0
17,6-16-2017,17.0
181,8-6-2017,15.0
239,8-25-2017,26.0
95,4-20-2017,10.0
189,7-7-2017,16.0
20,4-2-2017,7.0
51,7-2-2017,14.0
153,7-27-2017,22.0
136,4-13-2017,13.0
112,8-22-2017,15.0
27,4-21-2017,11.0
78,9-9-2017,30.0
80,7-23-2017,18.0
119,8-6-2017,22.0
189,7-26-2017,17.0
86,7-4-2017,16.0
114,6-21-2017,16.0
142,4-13-2017,8.0
176,9-15-2017,31.0
2,4-4-2017,11.0
90,5-23-2017,19.0
34,5-5-2017,14.0
240,7-2-2017,14.0
218,7-10-2017,23.0
49,7-19-2017,15.0
131,4-8-2017,14.0
81,4-16-2017,10.0
144,9-11-2017,34.0
245,8-7-2017,13.0
43,4-6-2017,11.0
154,7-19-2017,20.0
79,5-6-2017,15.0
236,5-22-2017,17.0
53,9-2-2017,21.0
39,9-21-2017,33.0
147,7-10-2017,19.0
239,8-4-2017,18.0
142,8-12-2017,25.0
105,9-1-2017,20.0
89,4-2-2017,6.0
157,6-8-2017,18.0
207,8-3-2017,28.0
207,8-10-2017,25.0
49,4-28-2017,10.0
156,8-24-2017,24.0
116,6-4-2017,15.0
95,7-2-2017,22.0
184,8-23-2017,23.0
176,8-23-2017,20.0
83,5-24-2017,17.0
5,6-3-2017,15.0
208,7-12-2017,16.0
213,6-4-2017,14.0
104,7-22-2017,16.0
71,9-19-2017,30.0
240,7-27-2017,19.0
166,8-12-2017,24.0
146,4-14-2017,10.0
193,9-24-2017,22.0
215,6-13-2017,18.0
7,4-26-2017,11.0
234,8-15-2017,28.0
234,7-12-2017,17.0
232,5-1-2017,12.0
241,7-16-2017,18.0
178,8-15-2017,16.0
80,5-23-2017,16.0
87,6-17-2017,13.0
56,8-29-2017,19.0
41,6-25-2017,15.0
8,6-5-2017,12.0
40,4-6-2017,11.0
17,6-26-2017,14.0
169,9-25-2017,24.0
120,5-1-2017,16.0
47,7-16-2017,26.0
143,6-1-2017,17.0
244,9-22-2017,30.0
63,5-17-2017,17.0
199,7-13-2017,21.0
119,7-22-2017,20.0
128,4-16-2017,8.0
175,6-2-2017,9.0
135,4-5-2017,10.0
191,5-14-2017,17.0
3,5-29-2017,14.0
16,7-17-2017,15.0
192,6-12-2017,16.0
125,8-28-2017,22.0
161,4-23-2017,8.0
236,6-9-2017,9.0
111,6-17-2017,15.0
17,9-4-2017,40.0
35,8-10-2017,21.0
226,9-5-2017,35.0
189,6-14-2017,19.0
5,5-2-2017,24.0
112,8-20-2017,17.0
194,7-1-2017,22.0
123,6-16-2017,18.0
172,9-9-2017,31.0
207,9-17-2017,33.0
108,9-7-2017,33.0
243,5-28-2017,12.0
132,4-17-2017,9.0
95,9-29-2017,34.0
0,8-24-2017,12.0
38,6-21-2017,16.0
61,4-5-2017,8.0
35,8-15-2017,27.0
147,4-2-2017,8.0
159,4-14-2017,11.0
143,7-2-2017,17.0
115,8-18-2017,27.0
94,7-7-2017,15.0
12,5-29-2017,16.0
44,4-10-2017,12.0
54,4-7-2017,7.0
55,7-21-2017,15.0
140,8-4-2017,20.0
229,6-12-2017,14.0
12,5-2-2017,15.0
209,8-5-2017,18.0
126,9-21-2017,28.0
72,6-26-2017,12.0
230,4-9-2017,16.0
36,5-28-2017,9.0
202,5-14-2017,19.0
146,6-20-2017,18.0
206,5-22-2017,20.0
18,9-28-2017,24.0
154,9-23-2017,19.0
166,7-4-2017,21.0
210,8-10-2017,28.0
165,6-14-2017,14.0
69,9-17-2017,28.0
190,6-5-2017,16.0
172,4-29-2017,14.0
87,5-20-2017,13.0
134,4-18-2017,8.0
65,4-16-2017,12.0
17,9-22-2017,25.0
77,5-10-2017,10.0
20,8-10-2017,24.0
38,6-17-2017,20.0
97,8-18-2017,12.0
73,7-22-2017,17.0
26,5-17-2017,13.0
5,6-3-2017,15.0
85,8-6-2017,22.0
38,9-5-2017,24.0
25,7-3-2017,19.0
249,6-25-2017,18.0
21,6-18-2017,15.0
81,4-29-2017,8.0
89,9-18-2017,35.0
240,9-12-2017,31.0
101,5-26-2017,14.0
210,4-19-2017,11.0
174,7-4-2017,21.0
163,9-24-2017,30.0
185,9-11-2017,35.0
142,5-20-2017,18.0
175,6-7-2017,16.0
34,7-25-2017,14.0
231,7-15-2017,18.0
228,7-14-2017,18.0
206,7-11-2017,20.0
50,4-10-2017,7.0
166,8-7-2017,21.0
166,4-1-2017,12.0
226,4-15-2017,7.0
5,5-8-2017,19.0
148,5-27-2017,18.0
76,7-13-2017,18.0
245,5-22-2017,15.0
164,4-18-2017,8.0
53,5-23-2017,17.0
205,7-23-2017,20.0
24,7-28-2017,14.0
17,9-7-2017,30.0
11,5-1-2017,11.0
248,6-18-2017,14.0
238,8-1-2017,26.0
163,6-16-2017,14.0
25,8-6-2017,20.0
64,6-3-2017,12.0
90,5-15-2017,15.0
62,9-3-2017,35.0
9,8-6-2017,17.0
23,9-11-2017,35.0
116,9-23-2017,30.0
42,5-8-2017,16.0
226,6-29-2017,11.0
227,8-8-2017,26.0
3,7-27-2017,19.0
48,9-24-2017,32.0
197,9-10-2017,27.0
22,6-24-2017,19.0
75,7-12-2017,18.0
14,9-12-2017,30.0
63,9-1-2017,27.0
108,6-24-2017,19.0
88,7-3-2017,22.0
159,6-13-2017,13.0
241,6-8-2017,17.0
198,9-29-2017,33.0
29,8-10-2017,17.0
206,5-4-2017,17.0
131,9-18-2017,26.0
96,6-11-2017,16.0
72,8-25-2017,24.0
215,7-2-2017,21.0
152,9-29-2017,22.0
82,4-7-2017,13.0
61,9-28-2017,25.0
98,8-13-2017,20.0
145,5-19-2017,19.0